flow_date,inflow,outflow,description,source_category
2024-01-01,62672629.39,59218731.7,Monthly consolidated cash flow,All Sources
2024-02-01,56689644.19,53792506.22,Monthly consolidated cash flow,All Sources
2024-03-01,59058333.39,48006430.9,Monthly consolidated cash flow,All Sources
2024-04-01,44356653.55,48645345.75,Monthly consolidated cash flow,All Sources
2024-05-01,61648740.36,53722755.32,Monthly consolidated cash flow,All Sources
2024-06-01,61796073.49,57350405.73,Monthly consolidated cash flow,All Sources
2024-07-01,54689921.48,59071188.18,Monthly consolidated cash flow,All Sources
2024-08-01,53383894.02,59055378.67,Monthly consolidated cash flow,All Sources
2024-09-01,67020027.53,56463015.23,Monthly consolidated cash flow,All Sources
2024-10-01,54489008.65,54022722.96,Monthly consolidated cash flow,All Sources
2024-11-01,56090744.83,59137334.0,Monthly consolidated cash flow,All Sources
2024-12-01,76528080.97,46424023.09,Monthly consolidated cash flow,All Sources
2025-01-01,63429941.72,53988703.61,Monthly consolidated cash flow,All Sources
2025-02-01,51310403.65,51557417.41,Monthly consolidated cash flow,All Sources
2025-03-01,66815112.68,52552331.02,Monthly consolidated cash flow,All Sources
2025-04-01,74753736.76,63677147.3,Monthly consolidated cash flow,All Sources
2025-05-01,54412184.89,60088708.59,Monthly consolidated cash flow,All Sources
2025-06-01,69093181.72,51819755.8,Monthly consolidated cash flow,All Sources
2025-07-01,59574436.9,61497405.29,Monthly consolidated cash flow,All Sources
2025-08-01,59353465.8,51290995.92,Monthly consolidated cash flow,All Sources
2025-09-01,60624149.9,50786921.72,Monthly consolidated cash flow,All Sources
2025-10-01,68360122.96,55654812.74,Monthly consolidated cash flow,All Sources
2025-11-01,60481299.43,51860100.63,Monthly consolidated cash flow,All Sources
2025-12-01,50239863.63,52608998.49,Monthly consolidated cash flow,All Sources
