employee_id,employee_code,first_name,last_name,department_id,job_title,employment_status,hire_date,base_salary,bank_account_last4
1,EMP0001,Sara,Rivas,2,Manager,ACTIVE,2025-06-21,94100.0,0303
2,EMP0002,Julia,Morris,3,Procurement Officer,ACTIVE,2021-06-03,180500.0,5519
3,EMP0003,Ray,Carter,2,Analyst,ACTIVE,2026-08-20,41800.0,3792
4,EMP0004,Heather,Wilcox,4,Procurement Officer,ACTIVE,2023-05-15,164400.0,0352
5,EMP0005,Heather,Costa,4,HR Officer,ACTIVE,2025-07-26,185800.0,3884
6,EMP0006,Chris,Hunter,4,Project Manager,ACTIVE,2024-10-30,94800.0,0768
7,EMP0007,Matthew,Burns,1,HR Officer,ACTIVE,2026-02-18,69300.0,5993
8,EMP0008,William,Greer,6,Financial Analyst,ACTIVE,2021-11-11,81300.0,0355
9,EMP0009,Leonard,Freeman,6,Marketing Officer,ACTIVE,2020-12-07,116700.0,4446
10,EMP0010,Lynn,Ruiz,6,Data Analyst,ACTIVE,2024-03-05,208500.0,4934
11,EMP0011,Mckenzie,Martinez,8,HR Officer,ACTIVE,2022-02-13,244200.0,8331
12,EMP0012,Jonathan,Lucero,2,Operations Officer,ACTIVE,2025-11-26,213300.0,4535
13,EMP0013,Joshua,Miller,6,Accountant,ACTIVE,2023-11-22,186500.0,0452
14,EMP0014,Brandon,Smith,4,Project Manager,ACTIVE,2021-12-09,246800.0,5364
15,EMP0015,Donald,Knapp,4,Customer Support Officer,ACTIVE,2020-11-16,116700.0,2824
16,EMP0016,Terry,Wright,6,Administrator,ACTIVE,2026-07-21,111400.0,0890
17,EMP0017,Michael,Barnes,5,Analyst,ACTIVE,2022-03-06,182000.0,6191
18,EMP0018,John,Hartman,10,Manager,ACTIVE,2020-11-08,149800.0,1605
19,EMP0019,Amanda,Smith,3,Administrator,ACTIVE,2026-07-06,93000.0,7732
20,EMP0020,Laura,Jensen,9,Financial Analyst,ACTIVE,2026-03-13,104700.0,3576
21,EMP0021,Patrick,Warren,1,Marketing Officer,ACTIVE,2025-12-29,41900.0,2313
22,EMP0022,William,Hatfield,7,Operations Officer,ACTIVE,2021-06-23,80400.0,9790
23,EMP0023,Dominique,Lewis,6,Administrator,ACTIVE,2025-11-22,142300.0,9642
24,EMP0024,Carlos,Thompson,8,Data Analyst,ACTIVE,2023-12-23,65000.0,4658
25,EMP0025,Alexander,Brooks,9,HR Officer,ACTIVE,2024-11-13,195600.0,3005
26,EMP0026,Michael,Thomas,10,Developer,ACTIVE,2026-02-18,82200.0,4056
27,EMP0027,Diane,Morgan,9,Project Manager,ACTIVE,2025-08-11,197500.0,5609
28,EMP0028,Jeremy,Davidson,2,Administrator,ACTIVE,2022-07-18,69400.0,3081
29,EMP0029,Stephanie,Bray,7,Operations Officer,ACTIVE,2025-07-13,117700.0,6702
30,EMP0030,Hannah,Rios,8,Project Manager,ACTIVE,2024-05-10,243800.0,1180
31,EMP0031,Aaron,Baker,1,Procurement Officer,ACTIVE,2023-06-16,59600.0,4624
32,EMP0032,Diamond,Mathis,5,Sales Executive,ACTIVE,2024-09-09,108100.0,8052
33,EMP0033,James,Foley,7,Data Analyst,ACTIVE,2023-03-09,35700.0,1181
34,EMP0034,Laura,Tate,5,Procurement Officer,ON_LEAVE,2021-02-04,198800.0,2066
35,EMP0035,Michelle,Mitchell,2,Administrator,ACTIVE,2023-04-20,99200.0,4291
36,EMP0036,Mary,Davenport,9,Financial Analyst,ACTIVE,2020-12-15,67900.0,5971
37,EMP0037,Ronald,Edwards,3,Procurement Officer,ACTIVE,2026-05-14,202400.0,3555
38,EMP0038,Jessica,Nelson,1,Analyst,ACTIVE,2024-07-27,140100.0,5171
39,EMP0039,Stacey,Jensen,6,Sales Executive,ACTIVE,2026-06-16,213800.0,4346
40,EMP0040,Regina,Robbins,4,Analyst,ACTIVE,2024-08-30,223800.0,6164
41,EMP0041,Martin,Rogers,2,Financial Analyst,ACTIVE,2021-12-20,210400.0,8847
42,EMP0042,Robert,Peters,9,Customer Support Officer,ACTIVE,2021-04-13,62600.0,3212
43,EMP0043,Jennifer,Warren,9,Operations Officer,ACTIVE,2023-09-07,148400.0,9696
44,EMP0044,Dawn,Moreno,7,Financial Analyst,ON_LEAVE,2023-08-04,234700.0,0579
45,EMP0045,Joseph,Sharp,4,Administrator,ACTIVE,2024-04-14,120800.0,1065
46,EMP0046,Jason,Jimenez,6,Analyst,ACTIVE,2021-06-16,146300.0,4392
47,EMP0047,Glenda,Wilson,4,Operations Officer,ACTIVE,2021-03-10,107700.0,6569
48,EMP0048,Shawn,Sanchez,9,Analyst,ACTIVE,2025-01-16,82300.0,2707
49,EMP0049,Kyle,Waller,1,Project Manager,ACTIVE,2024-09-01,229700.0,9166
50,EMP0050,Jessica,Chavez,6,Administrator,ACTIVE,2022-12-02,86200.0,3025
51,EMP0051,Tammy,Vasquez,8,Operations Officer,ACTIVE,2026-01-11,63400.0,3620
52,EMP0052,Scott,Ortiz,10,Financial Analyst,ACTIVE,2025-04-25,203700.0,7946
53,EMP0053,Kayla,Davenport,7,HR Officer,ACTIVE,2026-04-06,55800.0,0077
54,EMP0054,Chad,Payne,6,Data Analyst,ACTIVE,2026-04-06,135400.0,9334
55,EMP0055,Tiffany,Jones,1,Analyst,ACTIVE,2022-02-07,246600.0,1930
56,EMP0056,Lauren,Mcdonald,1,Project Manager,ACTIVE,2026-07-06,108000.0,6661
57,EMP0057,Chelsea,Anderson,2,Customer Support Officer,ACTIVE,2023-03-16,75900.0,2765
58,EMP0058,Danielle,Cruz,3,Manager,ACTIVE,2025-04-20,94900.0,3718
59,EMP0059,Catherine,Villarreal,2,Procurement Officer,ACTIVE,2024-09-11,220200.0,9501
60,EMP0060,Shannon,Heath,2,Project Manager,ACTIVE,2024-11-25,249800.0,0153
61,EMP0061,William,Hoffman,1,Project Manager,ON_LEAVE,2023-01-09,234200.0,1405
62,EMP0062,Lori,Sullivan,4,Manager,ACTIVE,2026-02-11,139400.0,6292
63,EMP0063,Steven,Green,7,Accountant,INACTIVE,2025-10-09,70400.0,8108
64,EMP0064,Lacey,Kramer,7,Customer Support Officer,ACTIVE,2024-11-21,203600.0,1202
65,EMP0065,Kimberly,Black,5,Financial Analyst,ACTIVE,2025-07-08,240800.0,9583
66,EMP0066,Marc,Scott,9,Manager,ACTIVE,2025-11-16,139600.0,9848
67,EMP0067,Christy,Frazier,5,Data Analyst,ACTIVE,2025-04-02,47600.0,2527
68,EMP0068,Cody,Mendoza,9,Accountant,ACTIVE,2025-06-18,102400.0,5182
69,EMP0069,Jill,Camacho,10,Procurement Officer,ACTIVE,2026-06-21,232700.0,9044
70,EMP0070,Eric,Lopez,3,Project Manager,ACTIVE,2021-05-30,144200.0,7703
71,EMP0071,Lauren,Flores,3,Project Manager,ACTIVE,2024-11-03,49600.0,0364
72,EMP0072,Roger,King,4,Operations Officer,ACTIVE,2026-03-16,237400.0,6354
73,EMP0073,Lisa,Harris,4,Analyst,ACTIVE,2023-06-04,43500.0,2731
74,EMP0074,Timothy,Jones,7,Marketing Officer,ACTIVE,2022-08-08,156500.0,6251
75,EMP0075,Larry,Black,5,Manager,ACTIVE,2022-02-21,189000.0,8319
76,EMP0076,Amanda,Jackson,5,Sales Executive,ACTIVE,2021-09-15,179400.0,4005
77,EMP0077,Wendy,Smith,8,Analyst,ACTIVE,2023-08-13,196700.0,9821
78,EMP0078,Antonio,Singh,1,Analyst,ACTIVE,2023-07-01,249700.0,6462
79,EMP0079,Christopher,Robinson,2,Developer,ACTIVE,2025-11-28,143800.0,2399
80,EMP0080,Brianna,Miller,6,Marketing Officer,INACTIVE,2021-11-11,224000.0,0806
81,EMP0081,Vincent,West,5,Data Analyst,ACTIVE,2023-02-25,214300.0,9615
82,EMP0082,Shannon,Gutierrez,5,Administrator,ACTIVE,2025-12-30,247300.0,9446
83,EMP0083,Jeremy,Howard,9,Sales Executive,ACTIVE,2026-04-29,210700.0,9959
84,EMP0084,William,Hernandez,2,Analyst,INACTIVE,2025-03-14,63900.0,4533
85,EMP0085,Jessica,Gates,2,Sales Executive,ACTIVE,2025-12-13,68400.0,9348
86,EMP0086,Kelly,Randolph,10,Administrator,ACTIVE,2024-08-05,108700.0,8599
87,EMP0087,Kevin,Greene,5,Project Manager,ACTIVE,2025-11-12,89000.0,2609
88,EMP0088,Samantha,Smith,1,Sales Executive,ACTIVE,2021-10-12,126100.0,8415
89,EMP0089,Rachel,Mitchell,1,Administrator,ACTIVE,2022-02-13,200800.0,2087
90,EMP0090,Jessica,Gilbert,5,Data Analyst,ACTIVE,2021-08-19,130000.0,9544
91,EMP0091,Larry,Lopez,7,Data Analyst,ACTIVE,2020-12-29,59100.0,8892
92,EMP0092,John,Johnson,3,Operations Officer,ACTIVE,2024-10-23,214400.0,9378
93,EMP0093,Garrett,Burns,9,Sales Executive,ACTIVE,2022-07-05,62400.0,6917
94,EMP0094,Charles,Jones,6,Project Manager,INACTIVE,2026-02-14,206200.0,9340
95,EMP0095,Eric,Johnson,1,Manager,INACTIVE,2023-07-21,80200.0,9576
96,EMP0096,Megan,Dean,2,Project Manager,ACTIVE,2025-07-19,155400.0,5794
97,EMP0097,Paula,Soto,7,Manager,ON_LEAVE,2025-01-08,196100.0,0205
98,EMP0098,David,Alexander,3,HR Officer,ON_LEAVE,2023-02-09,209300.0,9879
99,EMP0099,Brenda,Gates,1,Financial Analyst,ACTIVE,2021-11-15,233800.0,6575
100,EMP0100,Mason,Allen,7,Financial Analyst,ACTIVE,2025-10-10,220800.0,7979
101,EMP0101,Donna,Stokes,4,Analyst,ACTIVE,2020-11-30,204300.0,2566
102,EMP0102,Ashley,Rush,7,Manager,ACTIVE,2020-09-22,219600.0,8808
103,EMP0103,Kimberly,Wilson,4,Sales Executive,ACTIVE,2026-02-22,134000.0,2735
104,EMP0104,Rachel,Thompson,4,HR Officer,ACTIVE,2020-11-01,176900.0,2837
105,EMP0105,Ana,Rivas,6,Financial Analyst,ACTIVE,2020-12-09,49900.0,7662
106,EMP0106,Sherry,Saunders,5,Administrator,ACTIVE,2020-09-27,144500.0,0769
107,EMP0107,Benjamin,Ho,9,Sales Executive,ACTIVE,2025-07-26,40900.0,1802
108,EMP0108,Devin,Chapman,3,Accountant,ACTIVE,2020-10-25,246500.0,1843
109,EMP0109,Gregory,Winters,2,Financial Analyst,ACTIVE,2026-06-04,109300.0,0757
110,EMP0110,Sydney,Moody,6,Analyst,ACTIVE,2020-11-20,246600.0,5665
111,EMP0111,John,Glass,7,Accountant,INACTIVE,2021-04-26,75900.0,4881
112,EMP0112,Mackenzie,Castro,7,Procurement Officer,ACTIVE,2024-09-10,234000.0,2679
113,EMP0113,Sue,Davis,4,Administrator,ACTIVE,2023-01-14,50000.0,2801
114,EMP0114,Kevin,Howard,6,Analyst,ACTIVE,2023-01-23,177600.0,1091
115,EMP0115,Cory,Page,5,Marketing Officer,ACTIVE,2024-07-24,178400.0,2248
116,EMP0116,Anthony,King,7,Manager,ACTIVE,2021-05-15,154200.0,7904
117,EMP0117,Ashley,Delgado,7,Data Analyst,ACTIVE,2024-07-04,116500.0,5979
118,EMP0118,Katherine,Davenport,3,Procurement Officer,ACTIVE,2026-01-15,99700.0,7967
119,EMP0119,Keith,Randall,1,Financial Analyst,ACTIVE,2023-07-25,80200.0,5566
120,EMP0120,Mary,Gutierrez,10,Customer Support Officer,ACTIVE,2025-09-23,104300.0,5638
121,EMP0121,Daniel,Washington,8,Financial Analyst,ACTIVE,2023-04-29,144900.0,8761
122,EMP0122,Christopher,Macdonald,3,Administrator,ACTIVE,2025-04-11,96000.0,2100
123,EMP0123,Aaron,Taylor,10,Financial Analyst,ACTIVE,2025-10-21,211000.0,9986
124,EMP0124,Wesley,Carson,4,Manager,ACTIVE,2026-02-28,83300.0,4790
125,EMP0125,Jessica,Collins,3,Customer Support Officer,ACTIVE,2023-06-24,87600.0,7018
126,EMP0126,Kevin,Brown,10,HR Officer,ACTIVE,2025-06-09,50700.0,4444
127,EMP0127,Brenda,Adams,10,Customer Support Officer,ACTIVE,2025-01-19,184700.0,8379
128,EMP0128,Amber,Flores,7,Accountant,ACTIVE,2025-07-21,176100.0,5743
129,EMP0129,Gregory,Joseph,2,Financial Analyst,ACTIVE,2020-12-06,82100.0,7352
130,EMP0130,Elizabeth,Mason,9,Project Manager,ACTIVE,2022-12-13,154800.0,7069
131,EMP0131,Kathy,Chung,2,Administrator,ACTIVE,2023-09-11,207300.0,4035
132,EMP0132,John,Brennan,9,Financial Analyst,ON_LEAVE,2022-08-27,163000.0,3150
133,EMP0133,James,Molina,8,Procurement Officer,ACTIVE,2023-01-03,189600.0,2644
134,EMP0134,Isaiah,Hart,7,Developer,ACTIVE,2025-11-22,152800.0,9940
135,EMP0135,Amanda,Carroll,8,Project Manager,ACTIVE,2025-10-10,196600.0,1223
136,EMP0136,Denise,Powell,5,Administrator,ACTIVE,2024-11-16,147100.0,5029
137,EMP0137,Juan,Davis,4,Sales Executive,ACTIVE,2026-07-22,51700.0,5536
138,EMP0138,Andrea,Hill,4,Procurement Officer,ACTIVE,2024-11-17,103700.0,6150
139,EMP0139,Cynthia,Smith,2,Data Analyst,ACTIVE,2025-07-25,84700.0,0416
140,EMP0140,Sarah,Dunlap,3,HR Officer,ACTIVE,2021-01-07,48800.0,6463
141,EMP0141,Richard,Andersen,6,Manager,ACTIVE,2023-11-30,124400.0,9654
142,EMP0142,Patricia,Lane,7,Data Analyst,ACTIVE,2024-02-13,200500.0,8156
143,EMP0143,Keith,Ryan,1,HR Officer,ACTIVE,2025-12-01,199600.0,1211
144,EMP0144,Brian,Frost,8,Financial Analyst,ACTIVE,2023-09-14,110600.0,1300
145,EMP0145,Sara,West,7,HR Officer,ACTIVE,2022-02-17,240000.0,8131
146,EMP0146,Jason,Hayden,9,Operations Officer,ACTIVE,2022-11-25,152400.0,3720
147,EMP0147,Michael,Parker,4,Customer Support Officer,ACTIVE,2021-06-05,93700.0,0204
148,EMP0148,Johnny,Brown,1,Financial Analyst,ACTIVE,2025-12-15,178800.0,7461
149,EMP0149,Jamie,Sanford,7,Developer,ACTIVE,2020-12-08,215700.0,1614
150,EMP0150,Samantha,Beasley,10,Operations Officer,ACTIVE,2025-10-24,230000.0,9577
151,EMP0151,Mary,Camacho,10,HR Officer,ACTIVE,2021-02-17,53000.0,9942
152,EMP0152,Amy,Rosario,3,Sales Executive,ACTIVE,2021-05-22,74100.0,3491
153,EMP0153,Jeffrey,Nguyen,7,Marketing Officer,ACTIVE,2025-01-21,132800.0,2565
154,EMP0154,Bradley,Todd,7,HR Officer,ACTIVE,2026-04-21,239500.0,0629
155,EMP0155,Richard,Davis,5,Data Analyst,ACTIVE,2026-03-26,136100.0,4581
156,EMP0156,Carolyn,Hill,9,Manager,ACTIVE,2022-02-08,239700.0,0618
157,EMP0157,Kyle,Price,2,Financial Analyst,ACTIVE,2026-06-02,175100.0,1389
158,EMP0158,Melanie,Winters,1,Accountant,INACTIVE,2021-02-28,77900.0,9082
159,EMP0159,Justin,Figueroa,10,Administrator,ACTIVE,2025-06-26,62100.0,0870
160,EMP0160,Steven,Logan,2,Data Analyst,ACTIVE,2022-01-08,81900.0,2043
161,EMP0161,Sarah,Hernandez,5,Operations Officer,ACTIVE,2023-08-16,71100.0,9834
162,EMP0162,John,Carter,2,Sales Executive,ACTIVE,2021-03-27,70200.0,8203
163,EMP0163,James,Williamson,2,Operations Officer,ACTIVE,2022-08-28,234700.0,8559
164,EMP0164,Shawn,Dillon,7,Analyst,ACTIVE,2023-08-22,188700.0,3915
165,EMP0165,Mark,Ramirez,10,Analyst,ACTIVE,2024-06-22,169900.0,4608
166,EMP0166,Brittany,Castro,5,Analyst,ACTIVE,2021-07-04,164100.0,0345
167,EMP0167,William,Gregory,10,HR Officer,ACTIVE,2020-12-10,109600.0,8258
168,EMP0168,Melissa,Rodriguez,6,Accountant,ACTIVE,2026-06-28,174200.0,4858
169,EMP0169,Samuel,Johnson,7,Marketing Officer,ACTIVE,2025-12-08,57700.0,9735
170,EMP0170,Sue,Maddox,8,Data Analyst,ACTIVE,2026-06-04,128600.0,0678
171,EMP0171,Charles,Mcbride,9,Financial Analyst,ON_LEAVE,2022-10-08,93100.0,0706
172,EMP0172,Katherine,Parker,9,Project Manager,ACTIVE,2021-08-17,134900.0,0976
173,EMP0173,Brandi,Williams,10,Project Manager,ACTIVE,2021-02-05,218100.0,7950
174,EMP0174,Peggy,Christensen,2,Financial Analyst,ACTIVE,2024-04-22,131900.0,6157
175,EMP0175,Rebecca,Lewis,8,Marketing Officer,ACTIVE,2020-10-16,178700.0,8223
176,EMP0176,Timothy,Mckenzie,1,Customer Support Officer,ACTIVE,2024-08-16,104900.0,2329
177,EMP0177,Austin,Brown,4,Sales Executive,ACTIVE,2023-09-20,90500.0,6888
178,EMP0178,Debbie,Alvarado,10,Accountant,ACTIVE,2020-10-23,94400.0,5954
179,EMP0179,Jose,Bryant,9,Data Analyst,INACTIVE,2024-02-25,53400.0,3237
180,EMP0180,David,Garcia,7,Data Analyst,ACTIVE,2023-09-09,198000.0,4154
181,EMP0181,Charles,Williams,8,Financial Analyst,ACTIVE,2024-07-09,140500.0,4776
182,EMP0182,Katrina,Chandler,1,Data Analyst,ACTIVE,2021-11-24,82600.0,4293
183,EMP0183,Christine,Ross,4,Customer Support Officer,ACTIVE,2024-09-18,160000.0,0387
184,EMP0184,Melissa,Hernandez,9,Data Analyst,ACTIVE,2023-08-10,126500.0,5780
185,EMP0185,Jasmine,Rosario,9,Sales Executive,ACTIVE,2026-03-28,186100.0,8547
186,EMP0186,Linda,Mason,5,Manager,ACTIVE,2025-10-04,60900.0,9304
187,EMP0187,Paul,Morris,6,Financial Analyst,ACTIVE,2025-02-10,150200.0,9512
188,EMP0188,Brandy,Gross,3,Sales Executive,ACTIVE,2024-11-28,193800.0,4875
189,EMP0189,Julia,Mckay,10,Sales Executive,ON_LEAVE,2023-10-25,147800.0,0402
190,EMP0190,Katie,Barr,2,Marketing Officer,ACTIVE,2025-05-27,98700.0,7428
191,EMP0191,Seth,Sexton,3,Developer,ACTIVE,2020-12-02,187200.0,6395
192,EMP0192,Shirley,Tucker,5,Sales Executive,ACTIVE,2024-02-02,46700.0,7983
193,EMP0193,Christopher,Arellano,3,Analyst,ACTIVE,2023-04-12,196900.0,6922
194,EMP0194,Stephen,Edwards,1,Customer Support Officer,ACTIVE,2023-01-29,135900.0,0977
195,EMP0195,Maria,Smith,6,Project Manager,ACTIVE,2022-04-07,46000.0,1639
196,EMP0196,Nicholas,Fitzgerald,8,Customer Support Officer,ACTIVE,2025-05-27,49000.0,3364
197,EMP0197,Cheryl,Wilson,2,Developer,ACTIVE,2022-10-17,182600.0,2622
198,EMP0198,Erica,Estrada,3,Analyst,ACTIVE,2024-05-30,239100.0,1120
199,EMP0199,Steven,Jones,4,Operations Officer,ACTIVE,2021-07-29,199400.0,9948
200,EMP0200,Tara,Lee,10,Procurement Officer,ACTIVE,2021-04-30,83500.0,1284
201,EMP0201,Lauren,Monroe,7,Project Manager,ACTIVE,2024-02-19,130200.0,1602
202,EMP0202,Michelle,Meyer,10,Operations Officer,ON_LEAVE,2025-01-19,100700.0,7136
203,EMP0203,Amanda,Mcdonald,1,Financial Analyst,ACTIVE,2023-04-05,194100.0,7941
204,EMP0204,Curtis,Levy,4,Analyst,ACTIVE,2022-06-24,91900.0,3763
205,EMP0205,Carolyn,Meadows,3,Developer,ACTIVE,2023-09-08,153700.0,5950
206,EMP0206,Andrew,George,1,Customer Support Officer,ACTIVE,2022-10-24,183200.0,6396
207,EMP0207,Andrew,Ware,5,Sales Executive,ACTIVE,2023-11-18,96900.0,2946
208,EMP0208,Lisa,Jones,8,Sales Executive,ACTIVE,2026-03-08,85200.0,6303
209,EMP0209,Albert,Farmer,10,HR Officer,ACTIVE,2023-08-29,235700.0,3834
210,EMP0210,Jennifer,Wells,2,Sales Executive,ACTIVE,2022-04-16,174200.0,4533
211,EMP0211,Brenda,Thomas,3,Sales Executive,ACTIVE,2025-12-03,70700.0,1165
212,EMP0212,Matthew,Peters,10,Sales Executive,ACTIVE,2022-03-30,157400.0,1844
213,EMP0213,Brandon,Jacobs,8,Data Analyst,ACTIVE,2024-12-18,183100.0,3546
214,EMP0214,Garrett,Duncan,7,Customer Support Officer,INACTIVE,2024-06-05,142600.0,4098
215,EMP0215,Ruth,Garcia,8,HR Officer,ACTIVE,2023-08-12,43600.0,8156
216,EMP0216,Ariel,White,6,Manager,ACTIVE,2020-11-17,40600.0,5464
217,EMP0217,Dustin,Burns,10,Financial Analyst,ACTIVE,2022-06-21,39500.0,0012
218,EMP0218,Brian,Mckenzie,5,Developer,ACTIVE,2023-09-23,199100.0,6942
219,EMP0219,Stephen,Green,8,Sales Executive,ACTIVE,2024-07-17,130100.0,3886
220,EMP0220,Kiara,Anderson,3,Project Manager,ON_LEAVE,2021-06-18,128700.0,5826
221,EMP0221,David,Russell,8,HR Officer,ON_LEAVE,2021-07-26,136100.0,4506
222,EMP0222,Heidi,Knight,6,Developer,ACTIVE,2025-10-07,57500.0,2962
223,EMP0223,Christina,Watts,6,Administrator,ACTIVE,2025-11-03,141500.0,1340
224,EMP0224,Micheal,Brock,7,Customer Support Officer,ACTIVE,2025-06-24,153300.0,4000
225,EMP0225,Jennifer,Drake,2,Financial Analyst,ACTIVE,2022-08-21,104500.0,0005
226,EMP0226,Kevin,Callahan,7,Accountant,ACTIVE,2021-07-16,212400.0,7695
227,EMP0227,James,Torres,9,Procurement Officer,ACTIVE,2025-04-10,46700.0,3137
228,EMP0228,Aaron,Tate,6,Customer Support Officer,ACTIVE,2024-12-05,142200.0,2918
229,EMP0229,Jason,White,1,Sales Executive,ACTIVE,2022-11-26,153100.0,3451
230,EMP0230,Anthony,Turner,8,Accountant,INACTIVE,2024-09-06,139200.0,9441
231,EMP0231,Brian,Gay,10,Sales Executive,ACTIVE,2024-09-09,187600.0,1693
232,EMP0232,Brandi,Garcia,9,Manager,ACTIVE,2024-07-17,122700.0,8690
233,EMP0233,Rebecca,Salinas,2,Project Manager,ACTIVE,2020-10-16,60300.0,1396
234,EMP0234,Gary,Hansen,3,Procurement Officer,ACTIVE,2026-02-01,189100.0,8012
235,EMP0235,Crystal,Simpson,5,Customer Support Officer,ACTIVE,2025-05-15,138700.0,6443
236,EMP0236,Courtney,Rodriguez,4,Manager,ACTIVE,2024-11-20,66100.0,7755
237,EMP0237,Keith,Ortiz,10,Project Manager,ACTIVE,2021-07-28,224100.0,3520
238,EMP0238,Earl,Whitehead,2,HR Officer,ACTIVE,2022-06-19,204900.0,4355
239,EMP0239,Andrea,Young,6,Project Manager,INACTIVE,2022-09-14,144200.0,9762
240,EMP0240,Matthew,Bullock,1,Operations Officer,ACTIVE,2023-09-15,99200.0,6663
241,EMP0241,Christopher,Schultz,10,Developer,ON_LEAVE,2025-08-30,140300.0,6168
242,EMP0242,Alyssa,Smith,8,Procurement Officer,ACTIVE,2023-08-01,109200.0,1496
243,EMP0243,Heidi,Williams,9,Project Manager,ACTIVE,2021-02-25,235600.0,1577
244,EMP0244,Jesse,Reed,4,HR Officer,ON_LEAVE,2025-06-27,86300.0,3931
245,EMP0245,Phillip,Delgado,4,Marketing Officer,ACTIVE,2023-06-27,123300.0,4945
246,EMP0246,Barbara,Garza,8,HR Officer,ACTIVE,2025-04-16,209500.0,5590
247,EMP0247,Thomas,Perez,3,Procurement Officer,ACTIVE,2021-02-19,43000.0,8325
248,EMP0248,Michael,Juarez,10,Project Manager,ACTIVE,2025-05-10,56600.0,1961
249,EMP0249,Brandon,Wright,8,Accountant,ACTIVE,2025-11-01,230700.0,4845
250,EMP0250,Sarah,Cooley,3,Developer,ACTIVE,2023-07-10,175800.0,4154
251,EMP0251,Jay,Rios,2,Marketing Officer,ACTIVE,2025-05-16,243400.0,0113
252,EMP0252,Terri,Coffey,10,Project Manager,ACTIVE,2025-10-28,174700.0,5887
253,EMP0253,Chad,Vasquez,6,HR Officer,ACTIVE,2022-05-14,219800.0,0780
254,EMP0254,Joseph,Lawson,6,Customer Support Officer,ACTIVE,2024-09-13,225800.0,7426
255,EMP0255,Joan,Bryant,9,Administrator,ACTIVE,2021-10-12,49700.0,9449
256,EMP0256,James,Rogers,5,HR Officer,ON_LEAVE,2026-04-27,195600.0,1704
257,EMP0257,Steven,Short,2,Analyst,ACTIVE,2025-03-27,186300.0,0330
258,EMP0258,Thomas,Lowe,8,Accountant,ACTIVE,2024-06-02,99400.0,5208
259,EMP0259,Joshua,Wilson,1,Marketing Officer,ACTIVE,2022-09-29,47100.0,2224
260,EMP0260,Brandi,Zimmerman,6,HR Officer,ACTIVE,2022-10-08,87500.0,3858
261,EMP0261,Jennifer,Hughes,10,Developer,ACTIVE,2020-10-30,73700.0,6645
262,EMP0262,Robert,Vasquez,2,Administrator,ACTIVE,2021-03-02,117200.0,7902
263,EMP0263,Jessica,Jones,4,Manager,ACTIVE,2021-01-25,160400.0,6318
264,EMP0264,Rebecca,Wilcox,8,Administrator,ACTIVE,2024-03-15,133800.0,4483
265,EMP0265,Ryan,Yoder,1,Sales Executive,INACTIVE,2025-05-20,135000.0,4577
266,EMP0266,Jonathan,Anderson,9,Marketing Officer,ACTIVE,2022-01-09,130000.0,7016
267,EMP0267,William,Barton,10,Data Analyst,ACTIVE,2022-07-24,241800.0,9099
268,EMP0268,Michael,Burke,5,HR Officer,ACTIVE,2024-11-26,100000.0,0212
269,EMP0269,Janet,Acevedo,8,Marketing Officer,ACTIVE,2026-01-07,117000.0,4114
270,EMP0270,Christopher,Sims,10,Accountant,ACTIVE,2021-05-16,185300.0,4056
271,EMP0271,Peter,Williams,7,Administrator,ACTIVE,2023-11-18,156700.0,7058
272,EMP0272,Anita,Tyler,1,Project Manager,INACTIVE,2021-03-15,195200.0,7421
273,EMP0273,Jose,Barber,5,Financial Analyst,ACTIVE,2024-11-19,84500.0,4995
274,EMP0274,Jeremy,Day,6,Sales Executive,ACTIVE,2023-05-17,75900.0,3012
275,EMP0275,Nicholas,Torres,3,Administrator,ACTIVE,2021-03-16,229200.0,3250
276,EMP0276,Katrina,Park,1,Operations Officer,ACTIVE,2026-03-13,129800.0,8515
277,EMP0277,Scott,Robinson,6,Sales Executive,ACTIVE,2022-11-15,54400.0,0872
278,EMP0278,Charles,Ramos,6,Developer,ACTIVE,2022-04-13,72800.0,9562
279,EMP0279,Lisa,Mitchell,9,Procurement Officer,ACTIVE,2021-05-13,113700.0,1145
280,EMP0280,Rebecca,Williams,5,Project Manager,ACTIVE,2024-01-22,90200.0,0374
281,EMP0281,Danielle,Edwards,8,Project Manager,ON_LEAVE,2022-12-13,98500.0,5287
282,EMP0282,Mark,Hendricks,6,Analyst,ACTIVE,2025-12-03,135700.0,0689
283,EMP0283,Jessica,Coleman,3,Administrator,ACTIVE,2020-11-10,83500.0,9995
284,EMP0284,Edward,Johnson,7,Marketing Officer,ON_LEAVE,2022-05-17,208000.0,4170
285,EMP0285,Richard,Clark,2,Procurement Officer,ACTIVE,2025-08-11,38000.0,1958
286,EMP0286,Beverly,Chase,2,Administrator,ACTIVE,2025-01-29,179700.0,3500
287,EMP0287,Melissa,Sampson,5,Marketing Officer,ACTIVE,2026-03-12,211800.0,9156
288,EMP0288,Andrea,Martinez,2,Operations Officer,ACTIVE,2024-02-07,136400.0,7548
289,EMP0289,Danielle,Cooper,9,Administrator,ACTIVE,2022-09-08,166200.0,2101
290,EMP0290,James,Jackson,2,Data Analyst,ACTIVE,2022-01-31,134800.0,8601
291,EMP0291,Jason,Moore,5,Accountant,ACTIVE,2021-02-17,60100.0,9931
292,EMP0292,Breanna,Woods,1,Analyst,ACTIVE,2021-11-15,140900.0,7322
293,EMP0293,Benjamin,Moore,4,Customer Support Officer,INACTIVE,2024-10-25,64200.0,3616
294,EMP0294,Jennifer,Bradshaw,6,Procurement Officer,ACTIVE,2024-07-03,194800.0,0851
295,EMP0295,Alexandra,Murray,7,HR Officer,ACTIVE,2022-05-29,191200.0,7151
296,EMP0296,Matthew,Moore,2,Sales Executive,ACTIVE,2022-01-22,167400.0,2556
297,EMP0297,Susan,Smith,1,Customer Support Officer,ACTIVE,2024-02-10,81700.0,6556
298,EMP0298,Melissa,Miller,4,Administrator,ACTIVE,2025-03-22,56400.0,2061
299,EMP0299,Carol,Frye,6,Marketing Officer,ACTIVE,2021-09-26,245200.0,7952
300,EMP0300,Jesse,Hoover,1,Analyst,ACTIVE,2021-01-26,75800.0,9276
